Nr;von;bis;Dauer min;Anfang;abgespalten von;Ende;aufgegangen in;nimmt auf;teilt ab;groesste Breite m;um;staerkstes Wachstum Breite m/min;um;Turmhoehe m (Median);kleinster Abstand m;Richtung Grad;um;Eigenbewegung m/s;davon mit dem Wind m/s (minus = gegen);quer m/s;Verfolgung;Bemerkung
1;10:07:54;10:15:05;7.4;fertig ins Bild;;verschmolzen;35;;;815;10:09:26;39;10:14:52;491;7318;12;10:10:05;2.6;0.9;2.4;sicher;
2;10:07:54;10:17:17;9.6;fertig ins Bild;;aufgeloest;;;33;1842;10:09:52;102;10:08:09;1423;4871;4;10:16:10;2.0;-2.0;-0.3;unsicher;
3;10:07:54;10:11:38;4.0;gesehen;;aufgeloest;;;;370;10:10:05;164;10:08:47;;653;127;10:11:38;1.5;0.8;1.2;sicher;
4;10:07:54;10:12:04;4.4;fertig ins Bild;;verschmolzen;21;;;1110;10:12:04;141;10:10:33;950;3916;138;10:12:04;2.0;-1.5;1.3;sicher;
5;10:07:54;10:10:59;3.3;fertig ins Bild;;aufgeloest;;;22;478;10:09:00;20;10:08:09;263;8182;151;10:10:59;2.0;1.3;-1.5;sicher;
6;10:07:54;10:14:13;6.5;fertig ins Bild;;aufgeloest;;;29;1263;10:07:54;-14;10:10:05;928;4106;198;10:07:54;1.6;-0.7;-1.4;sicher;
7;10:07:54;10:11:12;3.5;fertig ins Bild;;verschmolzen;8;;;373;10:08:09;-12;10:08:09;233;9367;241;10:07:54;4.6;-2.1;4.1;unsicher;
8;10:07:54;10:12:30;4.8;fertig ins Bild;;unter 12 Grad gezogen;;7;;1323;10:11:38;116;10:08:09;944;9500;257;10:07:54;4.2;-4.1;-0.9;sicher;
9;10:07:54;10:14:39;7.0;fertig ins Bild;;aufgeloest;;;;594;10:08:09;17;10:10:59;450;5194;291;10:07:54;2.7;-2.3;1.3;sicher;
10;10:07:54;10:16:10;8.5;fertig ins Bild;;unter 12 Grad gezogen;;;;1326;10:07:54;-14;10:10:59;726;8867;316;10:07:54;4.4;-4.3;0.8;sicher;
11;10:07:54;10:14:00;6.3;fertig ins Bild;;aufgeloest;;;;572;10:08:34;-18;10:08:09;432;4849;349;10:07:54;2.8;2.1;1.8;sicher;
12;10:07:54;10:10:59;3.3;fertig ins Bild;;aufgeloest;;;;580;10:09:00;177;10:08:09;192;8459;338;10:09:52;6.4;3.7;-5.2;sicher;
13;10:07:54;10:19:52;12.2;fertig ins Bild;;unter 12 Grad gezogen;;;;1390;10:15:18;116;10:08:09;912;8912;346;10:11:12;1.0;-1.0;0.2;sicher;
14;10:08:09;10:12:04;4.1;gesehen;;aufgeloest;;;;238;10:10:33;62;10:09:26;122;7117;289;10:08:09;2.9;2.9;0.5;sicher;
15;10:08:34;10:12:17;3.9;gesehen;;aufgeloest;;;;126;10:09:52;25;10:08:47;97;4117;282;10:08:34;3.6;2.7;2.4;sicher;
16;10:08:47;10:12:17;3.7;gesehen;;aufgeloest;;;;363;10:10:33;103;10:09:00;275;5093;181;10:08:47;0.6;-0.0;-0.6;sicher;
17;10:08:47;10:12:43;4.1;gesehen;;aufgeloest;;;;208;10:10:05;66;10:09:00;184;4421;278;10:08:47;2.9;2.0;2.1;sicher;
18;10:09:13;10:17:56;8.9;gesehen;;aufgeloest;;;;911;10:13:21;132;10:11:12;544;6833;24;10:17:56;1.2;-1.1;0.5;sicher;
19;10:09:13;10:26:40;17.7;gesehen;;unter 12 Grad gezogen;;;;966;10:18:22;134;10:16:10;259;8544;185;10:16:51;1.7;0.6;1.6;sicher;
20;10:09:26;10:12:30;3.3;gesehen;;aufgeloest;;;;166;10:10:18;3;10:09:39;86;9063;116;10:12:30;1.2;0.5;-1.1;sicher;
21;10:09:26;10:23:10;14.0;gesehen;;aufgeloest;;4;;1754;10:17:17;566;10:09:39;1518;1558;161;10:13:21;3.5;-3.5;0.2;sicher;
22;10:09:39;10:12:43;3.3;abgespalten;5;aufgeloest;;;;279;10:09:52;-7;10:09:52;184;7238;156;10:12:43;1.6;1.6;-0.4;sicher;
23;10:09:52;10:30:20;20.7;ueber den Horizont;;aufgeloest;;;89;2775;10:21:51;607;10:21:51;1119;4778;7;10:30:20;2.5;-2.5;0.4;unsicher;
24;10:10:05;10:22:04;12.2;gesehen;;unter 12 Grad gezogen;;;;1295;10:18:09;119;10:13:34;601;4820;265;10:10:05;3.4;-2.0;2.7;sicher;
25;10:10:18;10:13:34;3.5;gesehen;;aufgeloest;;;;208;10:12:43;44;10:10:46;;2502;183;10:11:38;1.0;0.8;0.5;unsicher;
26;10:10:18;10:13:34;3.5;gesehen;;aufgeloest;;;;105;10:12:43;7;10:11:51;85;4010;189;10:11:38;0.6;0.5;0.3;unsicher;
27;10:10:33;10:20:46;10.4;gesehen;;aufgeloest;;;;917;10:17:04;235;10:13:08;638;6134;336;10:10:46;1.4;-1.0;-0.9;sicher;
28;10:11:12;10:20:05;9.1;ueber den Horizont;;aufgeloest;;;53;1046;10:15:05;89;10:11:38;836;7658;161;10:20:05;2.4;-1.1;2.1;sicher;
29;10:11:12;10:20:20;9.4;abgespalten;6;aufgeloest;;;;576;10:17:56;161;10:15:57;306;5283;225;10:11:12;1.2;1.1;0.6;sicher;
30;10:11:25;10:15:18;4.1;gesehen;;aufgeloest;;;;288;10:13:21;-66;10:13:21;122;8912;267;10:11:25;2.4;-2.4;0.5;unsicher;
31;10:11:38;10:20:20;8.9;gesehen;;aufgeloest;;;;778;10:16:23;161;10:11:51;573;1756;353;10:19:52;1.5;-1.3;-0.7;sicher;
32;10:11:38;10:14:39;3.2;ueber den Horizont;;aufgeloest;;;;453;10:13:08;-13;10:12:43;283;8813;88;10:14:39;2.6;2.2;-1.5;unsicher;
33;10:11:51;10:16:10;4.5;abgespalten;2;aufgeloest;;;;888;10:11:51;-54;10:12:43;675;4391;18;10:16:10;4.0;-2.9;-2.8;sicher;
34;10:12:17;10:24:02;12.0;gesehen;;aufgeloest;;;;764;10:19:13;171;10:15:05;689;5337;184;10:18:35;3.2;-1.0;3.0;sicher;
35;10:12:30;10:25:22;13.1;gesehen;;aufgeloest;;1;66;1230;10:18:47;173;10:14:00;558;7600;358;10:13:47;1.7;-0.3;1.7;sicher;
36;10:13:08;10:22:57;10.0;gesehen;;aufgeloest;;;;523;10:17:04;132;10:13:21;267;8429;189;10:20:05;1.0;-0.4;0.9;sicher;
37;10:13:34;10:18:22;5.0;fertig ins Bild;;verschmolzen;38;;;381;10:15:31;1;10:15:05;302;4742;38;10:18:22;1.9;1.1;1.6;unsicher;
38;10:14:00;10:26:14;12.4;gesehen;;verschmolzen;64;37 40 46;;1556;10:19:52;259;10:15:44;1474;1740;30;10:21:12;3.8;-3.7;0.9;sicher;
39;10:14:13;10:22:57;9.0;gesehen;;verschmolzen;42;;;1051;10:20:59;161;10:18:09;;882;181;10:20:59;2.1;-0.7;2.0;sicher;
40;10:14:52;10:18:22;3.7;fertig ins Bild;;verschmolzen;38;;;694;10:18:22;135;10:18:09;584;4339;49;10:18:22;1.4;0.7;1.2;sicher;
41;10:14:52;10:20:46;6.1;gesehen;;aufgeloest;;;;539;10:17:17;67;10:16:23;349;5086;183;10:14:52;0.5;0.1;0.5;sicher;
42;10:15:44;10:28:49;13.3;gesehen;;aufgeloest;;39;83;1420;10:23:36;283;10:18:09;934;873;201;10:24:28;3.4;-0.3;3.4;sicher;
43;10:15:44;10:29:02;13.5;ueber den Horizont;;verschmolzen;90;;;1238;10:18:35;27;10:17:56;745;5616;169;10:29:02;2.3;-0.9;2.1;sicher;
44;10:16:23;10:20:46;4.6;gesehen;;aufgeloest;;;;351;10:18:09;104;10:16:51;385;2417;166;10:20:46;2.6;2.2;1.4;sicher;
45;10:16:23;10:19:26;3.3;gesehen;;aufgeloest;;;;219;10:18:22;61;10:16:37;152;6887;350;10:17:04;2.3;2.3;-0.0;sicher;
46;10:16:37;10:20:33;4.1;gesehen;;verschmolzen;38;;;135;10:19:39;33;10:17:56;138;2763;53;10:20:33;2.1;1.6;-1.3;sicher;
47;10:17:04;10:21:51;5.0;gesehen;;unter 12 Grad gezogen;;;;385;10:21:51;84;10:17:17;198;8007;251;10:17:04;4.7;1.7;4.4;sicher;
48;10:17:30;10:20:33;3.3;gesehen;;aufgeloest;;;;170;10:19:13;40;10:19:13;93;6935;352;10:17:30;3.1;2.7;1.5;unsicher;
49;10:17:56;10:21:25;3.7;gesehen;;aufgeloest;;;;389;10:20:05;105;10:18:35;252;2428;151;10:20:20;0.6;0.6;-0.3;unsicher;
50;10:17:56;10:21:12;3.5;gesehen;;aufgeloest;;;;166;10:19:13;72;10:18:09;112;7599;257;10:17:56;4.5;-0.2;4.5;sicher;
51;10:18:35;10:22:17;3.9;gesehen;;aufgeloest;;;;265;10:20:20;100;10:18:47;206;1407;40;10:22:17;1.9;1.9;-0.5;sicher;
52;10:18:35;10:27:32;9.2;ueber den Horizont;;aufgeloest;;;81;580;10:21:51;67;10:20:33;304;9907;192;10:26:53;2.9;0.3;2.9;sicher;
53;10:18:47;10:25:22;6.8;abgespalten;28;aufgeloest;;;67;537;10:19:39;37;10:21:37;354;7527;181;10:25:07;3.1;1.9;2.4;sicher;
54;10:19:39;10:28:49;9.4;gesehen;;unter 12 Grad gezogen;;;;1012;10:25:48;171;10:20:05;302;8831;247;10:19:39;3.2;-2.8;1.6;unsicher;
55;10:20:33;10:30:59;10.6;gesehen;;aufgeloest;;;;474;10:27:44;112;10:22:17;303;4440;172;10:29:02;2.8;1.8;2.2;sicher;
56;10:20:46;10:24:28;3.9;gesehen;;aufgeloest;;;;369;10:23:23;80;10:21:51;152;4172;4;10:23:10;2.5;1.1;2.3;unsicher;
57;10:21:12;10:36:14;15.2;gesehen;;aufgeloest;;;92 102;981;10:33:51;187;10:23:36;590;2106;338;10:35:35;3.8;1.8;-3.4;unsicher;
58;10:21:12;10:25:22;4.4;gesehen;;aufgeloest;;;;225;10:22:57;71;10:21:25;209;4217;184;10:22:04;3.7;2.3;2.9;sicher;
59;10:21:25;10:25:35;4.4;gesehen;;aufgeloest;;;;345;10:22:57;114;10:21:37;212;6288;345;10:21:37;1.2;0.5;-1.1;sicher;
60;10:21:37;10:32:17;10.9;ueber den Horizont;;aufgeloest;;;;781;10:25:35;101;10:22:42;413;6589;99;10:32:17;2.5;-2.3;-0.9;sicher;
61;10:21:37;10:29:41;8.3;gesehen;;aufgeloest;;;;356;10:23:49;142;10:22:42;229;6995;312;10:21:37;2.9;-0.4;-2.9;sicher;
62;10:22:04;10:28:49;7.0;gesehen;;aufgeloest;;;;338;10:26:27;110;10:23:49;218;4140;192;10:23:49;3.0;-0.2;3.0;sicher;
63;10:22:17;10:27:44;5.7;gesehen;;aufgeloest;;;;454;10:25:22;87;10:24:28;355;5722;300;10:22:17;3.8;3.6;1.2;sicher;
64;10:22:29;10:32:04;9.8;gesehen;;aufgeloest;;38;;1424;10:26:53;362;10:23:10;1069;1568;357;10:26:14;0.9;-0.1;0.9;sicher;
65;10:22:42;10:30:46;8.3;gesehen;;aufgeloest;;;;1678;10:28:36;305;10:27:06;1818;2771;40;10:30:46;5.0;-4.3;2.6;sicher;
66;10:22:57;10:26:14;3.5;abgespalten;35;aufgeloest;;;;755;10:22:57;-26;10:23:49;530;9573;333;10:22:57;1.5;0.7;-1.4;sicher;
67;10:23:10;10:26:40;3.7;abgespalten;53;aufgeloest;;;;223;10:23:10;11;10:24:02;136;7073;186;10:25:35;3.3;2.0;2.7;sicher;
68;10:23:23;10:29:15;6.1;gesehen;;aufgeloest;;;;804;10:26:27;87;10:25:07;1159;2593;187;10:26:01;2.5;-1.4;2.1;sicher;
69;10:23:36;10:26:40;3.3;gesehen;;aufgeloest;;;;254;10:25:22;-2;10:24:41;217;8043;32;10:26:40;3.5;-1.4;3.2;sicher;
70;10:23:49;10:27:06;3.5;gesehen;;unter 12 Grad gezogen;;;;363;10:25:35;157;10:24:15;235;9063;268;10:23:49;1.9;1.2;1.4;sicher;
71;10:24:02;10:27:44;3.9;gesehen;;aufgeloest;;;;422;10:26:01;107;10:25:35;268;6706;328;10:25:07;3.7;0.2;-3.7;sicher;
72;10:24:41;10:34:43;10.2;gesehen;;aufgeloest;;;;985;10:31:12;212;10:28:23;883;3209;194;10:29:54;4.3;0.0;4.3;sicher;
73;10:24:41;10:28:10;3.7;gesehen;;aufgeloest;;;;300;10:26:14;95;10:25:07;203;4493;192;10:25:07;0.9;0.7;-0.5;sicher;
74;10:24:54;10:31:51;7.2;gesehen;;unter 12 Grad gezogen;;;;1535;10:31:51;202;10:27:44;366;7966;249;10:24:54;2.8;-2.6;1.1;unsicher;
75;10:24:54;10:29:41;5.0;gesehen;;unter 12 Grad gezogen;;;;679;10:27:57;228;10:25:22;387;9229;331;10:24:54;1.3;-0.0;1.3;sicher;
76;10:25:07;10:42:19;17.4;gesehen;;aufgeloest;;;;1041;10:34:30;179;10:26:27;559;7065;176;10:25:35;2.8;-2.4;1.5;sicher;
77;10:26:14;10:35:35;9.6;gesehen;;aufgeloest;;;;384;10:31:51;103;10:26:27;200;6065;273;10:26:14;2.7;-1.5;2.3;sicher;
78;10:26:14;10:33:10;7.2;gesehen;;unter 12 Grad gezogen;;;;646;10:29:41;200;10:28:36;322;8453;298;10:26:14;2.2;-1.3;-1.7;sicher;
79;10:26:27;10:34:56;8.7;gesehen;;aufgeloest;;;;710;10:31:25;93;10:28:23;731;1117;64;10:34:56;1.5;-1.0;-1.0;sicher;
80;10:26:40;10:30:07;3.7;ueber den Horizont;;aufgeloest;;;;655;10:26:40;-68;10:26:53;258;10266;152;10:29:41;1.6;0.3;1.6;sicher;
81;10:26:40;10:34:04;7.6;abgespalten;52;aufgeloest;;;;671;10:30:46;81;10:27:57;318;8767;187;10:26:40;0.6;0.6;0.3;sicher;
82;10:27:06;10:32:58;6.1;gesehen;;verschmolzen;92;;;1181;10:32:58;253;10:28:23;748;7774;45;10:32:58;1.2;-0.1;1.2;sicher;
83;10:27:32;10:30:33;3.2;abgespalten;42;aufgeloest;;;;265;10:27:57;-28;10:30:07;94;1515;250;10:27:32;2.3;2.3;0.3;sicher;
84;10:28:10;10:38:12;10.2;gesehen;;aufgeloest;;;120;911;10:35:48;208;10:30:33;658;7472;178;10:37:46;1.4;0.1;1.4;unsicher;
85;10:28:10;10:37:20;9.4;gesehen;;aufgeloest;;;;728;10:32:17;236;10:28:23;485;7753;325;10:28:10;1.6;-1.2;-1.0;sicher;
86;10:28:23;10:35:35;7.4;gesehen;;aufgeloest;;;107;459;10:31:25;115;10:28:36;297;6113;91;10:35:35;1.0;-0.0;1.0;sicher;
87;10:28:23;10:59:26;31.3;ueber den Horizont;;aufgeloest;;;;1676;10:53:06;147;10:30:20;524;1469;210;10:49:58;3.0;-1.6;2.6;unsicher;
88;10:29:02;10:33:51;5.0;gesehen;;aufgeloest;;;;496;10:32:17;148;10:29:15;330;7567;62;10:33:51;1.3;0.3;-1.2;sicher;
89;10:29:15;10:42:19;13.3;abgespalten;23;verschmolzen;111;;;1258;10:36:55;179;10:31:12;822;6758;357;10:29:15;2.6;-1.9;1.7;sicher;
90;10:29:28;10:33:23;4.1;gesehen;;aufgeloest;;;;346;10:31:12;176;10:30:33;292;5444;169;10:29:28;3.0;2.5;1.7;sicher;
91;10:29:41;10:53:19;23.8;gesehen;;aufgeloest;;107;;2268;10:37:08;471;10:31:38;1028;666;324;10:44:15;1.6;-1.6;0.2;sicher;
92;10:31:25;10:38:12;7.0;abgespalten;57;aufgeloest;;82;103;2505;10:33:23;455;10:32:45;1520;4792;23;10:35:22;4.9;-4.1;2.8;sicher;
93;10:31:38;10:38:12;6.8;gesehen;;in der Sonne verloren;;;;471;10:35:22;153;10:33:51;173;817;91;10:38:12;2.4;-1.1;-2.2;sicher;
94;10:32:04;10:44:43;12.9;gesehen;;aufgeloest;;;;1497;10:38:38;242;10:36:14;769;1022;177;10:37:33;3.5;-1.6;-3.1;sicher;
95;10:32:17;10:38:51;6.8;gesehen;;aufgeloest;;;;464;10:37:08;123;10:34:17;267;6751;177;10:34:17;1.2;-0.1;1.2;sicher;
96;10:32:17;10:43:23;11.3;gesehen;;aufgeloest;;;;555;10:37:20;82;10:35:22;450;5267;187;10:32:58;2.5;-0.6;2.4;sicher;
97;10:32:17;10:36:01;4.0;gesehen;;aufgeloest;;;;286;10:34:04;95;10:32:32;172;8965;189;10:32:32;1.1;1.0;0.6;sicher;
98;10:32:32;10:45:25;13.1;gesehen;;verschmolzen;139;134;;2449;10:40:48;255;10:39:43;1919;3861;36;10:44:57;3.0;-2.9;-0.7;unsicher;
99;10:32:32;10:35:48;3.5;gesehen;;aufgeloest;;;;131;10:34:43;30;10:33:10;105;4655;189;10:32:32;0.7;0.5;0.4;sicher;
100;10:33:10;10:36:55;4.0;gesehen;;aufgeloest;;;;400;10:34:43;-50;10:34:43;358;3438;300;10:33:10;1.9;1.4;-1.3;unsicher;
101;10:33:23;10:37:08;4.0;gesehen;;aufgeloest;;;;239;10:34:17;48;10:33:38;170;9368;32;10:37:08;1.3;0.9;-1.0;sicher;
102;10:33:51;10:39:30;5.9;abgespalten;57;aufgeloest;;;;632;10:33:51;19;10:35:48;;1975;336;10:38:12;1.5;-1.1;-1.0;sicher;
103;10:33:51;10:36:55;3.3;abgespalten;92;aufgeloest;;;;1183;10:34:04;-16;10:34:04;880;6982;37;10:36:55;4.5;-2.5;3.7;unsicher;
104;10:33:51;10:53:06;19.5;ueber den Horizont;;verschmolzen;146;;146;1506;10:39:17;127;10:38:12;904;5277;170;10:50:26;2.9;0.6;2.8;unsicher;
105;10:34:04;10:41:40;7.8;gesehen;;aufgeloest;;;;552;10:37:08;134;10:35:35;430;5222;188;10:35:09;1.9;-1.2;1.5;sicher;
106;10:34:04;10:41:53;8.0;gesehen;;unter 12 Grad gezogen;;;;738;10:41:14;134;10:35:09;355;9750;328;10:34:04;2.5;-2.0;-1.4;sicher;
107;10:34:43;10:41:01;6.5;abgespalten;86;verschmolzen;91;;;428;10:41:01;105;10:40:48;214;2445;94;10:41:01;2.1;2.1;0.5;sicher;
108;10:34:43;10:38:25;3.9;ueber den Horizont;;aufgeloest;;;116;1558;10:34:43;-182;10:37:46;183;10777;96;10:38:25;10.5;-6.9;-8.0;unsicher;
109;10:34:56;10:38:51;4.1;gesehen;;verschmolzen;110;;;228;10:38:25;59;10:35:09;148;7893;301;10:34:56;1.0;-0.1;-1.0;sicher;
110;10:35:09;10:48:41;13.8;gesehen;;unter 12 Grad gezogen;;109;133;1152;10:38:51;138;10:38:51;885;5651;298;10:35:09;3.3;-2.9;1.5;unsicher;
111;10:35:09;10:50:11;15.2;gesehen;;unter 12 Grad gezogen;;89;;1574;10:46:17;245;10:36:27;648;7152;345;10:36:27;0.8;-0.8;0.3;sicher;
112;10:35:09;10:39:30;4.6;gesehen;;aufgeloest;;;;283;10:37:08;7;10:36:55;214;3317;354;10:35:09;2.0;1.5;1.4;sicher;
113;10:35:35;10:44:15;8.9;gesehen;;unter 12 Grad gezogen;;;;951;10:43:10;136;10:38:38;574;6422;269;10:35:35;2.4;0.3;2.4;sicher;
114;10:36:01;10:40:48;5.0;gesehen;;aufgeloest;;;;235;10:38:25;67;10:37:20;193;3707;162;10:36:27;2.0;0.1;-2.0;sicher;
115;10:36:01;10:45:10;9.4;gesehen;;aufgeloest;;;;583;10:40:09;10;10:39:17;392;4106;212;10:36:27;2.0;-1.5;1.3;sicher;
116;10:36:14;10:45:10;9.2;abgespalten;108;aufgeloest;;;;1432;10:44:15;73;10:42:32;601;4950;69;10:45:10;3.3;0.8;3.2;unsicher;
117;10:36:27;10:40:22;4.1;gesehen;;aufgeloest;;;;198;10:39:17;49;10:38:25;;2444;347;10:37:46;0.2;0.2;-0.1;sicher;
118;10:36:27;10:47:22;11.1;gesehen;;aufgeloest;;;160;779;10:42:06;160;10:37:08;562;2145;172;10:42:45;1.9;0.7;1.8;sicher;
119;10:36:55;10:40:22;3.7;gesehen;;aufgeloest;;;;261;10:38:25;138;10:37:08;218;3628;119;10:40:22;2.0;1.2;1.6;sicher;
120;10:36:55;10:55:04;18.4;abgespalten;84;aufgeloest;;;184;996;10:42:45;126;10:40:35;641;7110;175;10:37:46;1.9;-1.1;1.5;unsicher;
121;10:37:20;10:42:06;5.0;gesehen;;aufgeloest;;;;405;10:39:43;144;10:37:59;258;5401;177;10:41:27;3.0;1.2;2.7;sicher;
122;10:37:46;10:52:40;15.1;gesehen;;aufgeloest;;;;812;10:44:28;164;10:41:01;504;4928;193;10:46:04;2.6;0.1;2.6;sicher;
123;10:37:46;10:53:06;15.6;ueber den Horizont;;unter 12 Grad gezogen;;;168;1135;10:44:57;90;10:41:01;706;9814;181;10:44:15;2.3;-0.1;2.3;unsicher;
124;10:38:25;10:43:23;5.2;gesehen;;aufgeloest;;;;337;10:40:48;151;10:40:09;400;2738;337;10:38:51;1.9;1.8;0.8;sicher;
125;10:38:38;10:48:15;9.8;gesehen;;aufgeloest;;;;733;10:42:45;229;10:40:22;466;5568;198;10:38:38;2.2;-0.5;2.1;sicher;
126;10:39:17;10:42:58;3.9;gesehen;;aufgeloest;;;;236;10:41:14;58;10:39:30;146;7622;169;10:42:58;3.5;1.7;3.1;sicher;
127;10:39:56;10:43:36;3.9;gesehen;;aufgeloest;;;;242;10:41:40;121;10:40:22;248;2039;106;10:43:36;3.3;2.1;2.5;sicher;
128;10:40:09;10:52:14;12.3;ueber den Horizont;;unter 12 Grad gezogen;;;;668;10:47:49;-2;10:50:26;;11851;158;10:47:49;2.1;-1.1;-1.7;unsicher;
129;10:40:22;10:55:04;14.9;fertig ins Bild;;aufgeloest;;;169;705;10:45:10;80;10:42:45;297;9370;164;10:42:45;0.8;0.6;0.6;sicher;
130;10:40:35;10:59:01;18.6;ueber den Horizont;;verschmolzen;189;;189;1369;10:49:19;149;10:47:36;740;4404;151;10:59:01;3.0;-2.5;1.7;sicher;
131;10:40:35;10:45:25;5.0;gesehen;;unter 12 Grad gezogen;;;;633;10:45:10;142;10:41:40;152;10850;188;10:41:14;0.4;0.2;0.3;sicher;
132;10:40:48;10:49:19;8.7;gesehen;;aufgeloest;;;156;854;10:45:10;217;10:41:14;520;4823;348;10:47:36;1.8;0.2;-1.7;sicher;
133;10:41:01;10:46:56;6.1;abgespalten;110;aufgeloest;;;;632;10:43:49;85;10:42:32;402;7551;284;10:41:01;1.3;-0.9;-1.0;sicher;
134;10:41:14;10:44:15;3.2;gesehen;;verschmolzen;98;;;878;10:44:15;237;10:42:32;400;8131;46;10:44:15;3.4;3.2;1.2;sicher;
135;10:41:40;10:45:38;4.2;gesehen;;aufgeloest;;;;251;10:43:23;128;10:42:06;;1512;173;10:45:38;1.8;0.5;1.7;sicher;
136;10:41:40;10:44:43;3.3;gesehen;;aufgeloest;;;;283;10:43:23;77;10:42:06;149;10113;217;10:41:40;1.7;-1.2;-1.1;sicher;
137;10:42:19;10:48:02;5.9;ueber den Horizont;;aufgeloest;;;;927;10:42:45;-63;10:42:45;261;8518;67;10:48:02;2.5;0.1;2.5;sicher;
138;10:42:32;10:46:04;3.8;gesehen;;aufgeloest;;;;179;10:43:49;-23;10:45:51;94;6940;90;10:46:04;1.7;1.7;0.5;sicher;
139;10:43:10;10:54:51;11.9;gesehen;;aufgeloest;;98 142;;2656;10:48:28;165;10:49:58;;652;351;10:53:58;4.3;-3.1;-3.0;unsicher;
140;10:43:10;10:48:28;5.5;gesehen;;aufgeloest;;;;332;10:46:04;110;10:43:23;250;3687;175;10:47:49;2.3;2.3;0.2;sicher;
141;10:43:10;10:49:07;6.2;gesehen;;aufgeloest;;;;665;10:45:51;3;10:43:36;526;3286;208;10:43:10;1.5;0.6;-1.4;sicher;
142;10:43:23;10:47:22;4.2;gesehen;;verschmolzen;139;;;673;10:47:22;41;10:47:09;215;1586;49;10:47:22;0.7;0.7;0.1;unsicher;
143;10:43:23;10:54:24;11.2;ueber den Horizont;;aufgeloest;;;137 166 145;478;10:51:48;-17;10:51:35;308;7509;89;10:54:24;6.8;5.6;-3.9;unsicher;
144;10:43:49;10:53:32;9.9;gesehen;;aufgeloest;;;;1105;10:46:17;129;10:44:28;714;5388;315;10:43:49;2.6;1.0;2.4;sicher;
145;10:44:15;10:49:07;5.1;abgespalten;143;aufgeloest;;;157;989;10:45:51;41;10:44:43;434;7493;102;10:49:07;3.9;-0.8;-3.8;sicher;
146;10:44:15;11:22:37;38.6;abgespalten;104;aufgeloest;;104 236;266;2879;11:00:18;546;10:51:48;2351;4660;185;10:56:09;4.2;-3.9;1.6;sicher;
147;10:44:28;10:47:49;3.6;gesehen;;aufgeloest;;;;156;10:45:38;48;10:44:43;87;8123;173;10:45:51;1.6;-0.9;1.3;sicher;
148;10:44:28;10:49:19;5.1;gesehen;;unter 12 Grad gezogen;;;;442;10:47:49;139;10:46:04;282;8437;242;10:44:28;5.2;4.4;2.7;sicher;
149;10:44:43;10:48:02;3.5;gesehen;;aufgeloest;;;159;319;10:46:43;172;10:44:57;;1792;125;10:48:02;0.2;-0.1;-0.1;sicher;
150;10:44:57;10:49:32;4.8;gesehen;;aufgeloest;;;;328;10:47:09;5;10:46:43;239;4285;183;10:46:04;1.7;0.9;1.5;sicher;
151;10:45:10;10:57:02;12.1;gesehen;;aufgeloest;;;;573;10:47:22;39;10:47:22;197;7362;202;10:53:19;4.2;-2.2;3.6;unsicher;
152;10:45:10;11:01:34;16.6;gesehen;;aufgeloest;;;;1195;10:53:58;157;10:52:40;678;5634;184;10:45:51;2.0;-0.8;1.8;unsicher;
153;10:45:38;10:52:27;7.0;gesehen;;aufgeloest;;;;549;10:49:19;59;10:47:49;419;9518;14;10:52:27;2.5;-1.9;1.6;sicher;
154;10:45:51;10:49:19;3.7;gesehen;;aufgeloest;;;;255;10:48:15;104;10:46:30;186;4663;355;10:49:19;3.9;-1.4;-3.6;sicher;
155;10:46:43;10:49:45;3.2;gesehen;;aufgeloest;;;;161;10:48:41;36;10:46:56;;2019;145;10:49:32;1.5;1.4;0.5;sicher;
156;10:46:43;10:54:12;7.7;abgespalten;132;aufgeloest;;;;534;10:49:07;76;10:48:15;365;6126;352;10:47:49;0.5;-0.4;-0.3;sicher;
157;10:46:56;10:53:58;7.2;abgespalten;145;aufgeloest;;;;727;10:50:11;79;10:47:36;463;4175;100;10:53:58;1.9;1.6;-1.0;sicher;
158;10:46:56;11:00:05;13.4;abgespalten;166;aufgeloest;;;;1070;10:49:19;82;10:47:49;447;4851;108;10:59:52;1.5;-0.6;1.3;sicher;
159;10:46:56;10:50:26;3.7;abgespalten;149;aufgeloest;;;;261;10:48:28;23;10:47:09;;1080;158;10:50:26;1.2;-0.5;1.1;sicher;
160;10:46:56;10:51:20;4.6;abgespalten;118;aufgeloest;;;;473;10:49:07;108;10:48:28;362;3930;230;10:46:56;2.3;0.9;-2.1;sicher;
161;10:47:09;10:54:37;7.7;gesehen;;unter 12 Grad gezogen;;;;1210;10:54:37;324;10:47:22;484;11022;178;10:47:22;1.4;-1.2;0.7;sicher;
162;10:47:22;10:52:14;5.1;gesehen;;verschmolzen;;;;920;10:52:14;207;10:48:02;456;6733;61;10:52:14;2.3;2.3;0.1;sicher;
163;10:47:22;10:53:58;6.8;gesehen;;aufgeloest;;;;1614;10:53:32;326;10:48:41;926;1869;36;10:53:58;4.7;3.8;2.7;sicher;
164;10:47:22;10:52:27;5.3;gesehen;;unter 12 Grad gezogen;;;;345;10:49:58;56;10:47:49;195;9065;229;10:47:22;1.1;1.1;-0.1;sicher;
165;10:47:36;10:51:07;3.7;gesehen;;aufgeloest;;;;235;10:49:58;74;10:47:49;158;10517;324;10:47:49;2.1;-1.8;-1.1;sicher;
166;10:48:02;10:55:30;7.7;ueber den Horizont;;aufgeloest;;;158 188;504;10:53:06;-58;10:53:06;325;9579;113;10:55:30;2.8;-1.1;2.6;unsicher;
167;10:48:02;10:55:04;7.2;gesehen;;aufgeloest;;;;460;10:51:07;149;10:49:07;;1401;167;10:51:48;0.9;-0.5;0.8;sicher;
168;10:48:41;10:52:27;4.0;abgespalten;123;aufgeloest;;;;531;10:48:41;-21;10:48:54;358;8329;202;10:50:26;6.2;-1.0;6.1;sicher;
169;10:49:19;10:52:53;3.8;abgespalten;129;aufgeloest;;;;236;10:51:07;-13;10:51:07;154;8522;203;10:52:53;7.7;-0.8;7.7;unsicher;
170;10:49:19;11:02:38;13.5;gesehen;;verschmolzen;186;;;1230;10:53:58;137;10:52:14;824;7802;333;10:49:19;2.0;-1.9;0.6;sicher;
171;10:50:11;10:53:45;3.8;gesehen;;aufgeloest;;;;154;10:53:32;30;10:50:26;96;9867;215;10:50:26;10.1;-10.1;-0.4;unsicher;
172;10:50:11;10:53:32;3.6;gesehen;;unter 12 Grad gezogen;;;;362;10:51:20;172;10:50:26;246;10425;251;10:50:11;2.1;-2.0;0.7;sicher;
173;10:50:26;10:53:58;3.8;gesehen;;unter 12 Grad gezogen;;;;204;10:52:01;57;10:50:39;118;11124;194;10:50:26;2.0;1.7;1.2;sicher;
174;10:50:26;10:55:43;5.5;gesehen;;unter 12 Grad gezogen;;;;872;10:53:58;199;10:50:39;474;9892;304;10:50:26;1.0;-0.4;-0.9;sicher;
175;10:50:39;10:59:52;9.4;gesehen;;unter 12 Grad gezogen;;;;764;10:53:58;21;10:53:32;488;11053;357;10:50:39;1.2;-0.8;0.9;unsicher;
176;10:50:54;10:53:58;3.3;gesehen;;aufgeloest;;;;207;10:52:27;58;10:51:07;159;4056;195;10:50:54;3.6;3.6;0.5;sicher;
177;10:51:20;10:54:24;3.3;gesehen;;aufgeloest;;;;181;10:53:06;32;10:51:35;122;7084;196;10:51:20;3.3;0.3;3.3;sicher;
178;10:51:48;10:56:34;5.0;gesehen;;aufgeloest;;;;363;10:54:24;160;10:52:01;201;8806;95;10:56:34;2.6;-1.0;-2.4;sicher;
179;10:52:01;10:57:55;6.1;gesehen;;unter 12 Grad gezogen;;;208;569;10:56:21;190;10:52:14;377;11431;177;10:57:15;1.3;0.6;1.2;sicher;
180;10:52:27;10:55:56;3.7;gesehen;;aufgeloest;;;;235;10:53:58;139;10:52:53;;1905;358;10:55:56;1.6;1.5;0.5;sicher;
181;10:52:27;10:55:43;3.5;gesehen;;aufgeloest;;;;210;10:54:12;112;10:52:40;;1307;292;10:52:27;2.5;2.0;1.5;sicher;
182;10:52:53;11:14:00;21.3;ueber den Horizont;;verschmolzen;240;;240;544;11:08:17;-3;11:07:38;343;8555;185;11:12:13;1.8;1.1;1.4;unsicher;
183;10:53:06;11:02:38;9.8;abgespalten;;aufgeloest;;;;3007;11:00:05;613;10:59:01;;859;53;10:58:07;10.4;-10.4;-0.0;sicher;
184;10:53:32;10:57:55;4.6;abgespalten;120;aufgeloest;;;;333;10:55:43;71;10:55:04;232;10893;227;10:53:45;5.1;-3.1;4.0;sicher;
185;10:53:45;11:17:19;23.8;ueber den Horizont;;verschmolzen;;;;947;10:59:01;144;11:08:43;492;10612;178;11:01:34;2.8;-0.4;2.7;unsicher;
186;10:53:45;11:12:39;19.1;gesehen;;unter 12 Grad gezogen;;170;;2356;11:08:43;472;11:03:29;707;7542;332;10:53:45;4.2;-4.2;0.5;sicher;
187;10:53:45;11:01:47;8.2;gesehen;;aufgeloest;;;;1409;10:53:58;-58;10:58:35;1108;4359;336;10:55:30;1.3;-0.7;-1.1;sicher;
188;10:53:58;10:57:02;3.3;abgespalten;166;aufgeloest;;;;369;10:55:30;32;10:54:24;273;8747;113;10:57:02;1.4;0.8;-1.2;sicher;
189;10:54:24;11:03:16;9.1;abgespalten;130;aufgeloest;;130;;1468;11:00:18;304;10:59:13;1521;3218;197;11:03:16;1.7;-1.6;0.6;sicher;
190;10:54:51;11:07:51;13.2;gesehen;;aufgeloest;;;210;1092;11:00:05;56;10:56:09;666;1490;350;10:56:09;1.5;-0.9;1.1;sicher;
191;10:55:04;10:58:07;3.3;gesehen;;aufgeloest;;;;214;10:56:34;106;10:55:17;169;7192;1;10:57:15;0.6;0.2;0.5;sicher;
192;10:55:04;10:58:07;3.3;gesehen;;aufgeloest;;;;365;10:56:34;100;10:55:17;187;7483;91;10:58:07;1.2;1.2;-0.2;sicher;
193;10:55:04;10:58:35;3.7;gesehen;;aufgeloest;;;;279;10:56:49;120;10:55:17;;2225;191;10:57:15;4.2;1.6;3.8;sicher;
194;10:55:04;10:59:39;4.8;gesehen;;aufgeloest;;;;434;10:56:34;229;10:55:17;;1415;185;10:55:17;1.2;-0.1;1.2;sicher;
195;10:55:30;11:00:18;5.0;gesehen;;aufgeloest;;;;344;10:56:49;131;10:55:43;;1892;179;10:57:41;1.3;0.7;1.1;sicher;
196;10:55:30;11:00:43;5.4;gesehen;;aufgeloest;;;;331;10:57:29;131;10:56:21;216;4303;271;10:55:43;2.0;-0.8;1.8;sicher;
197;10:55:43;10:59:13;3.7;gesehen;;aufgeloest;;;;301;10:56:34;53;10:55:56;155;9779;97;10:59:13;1.3;1.3;-0.0;sicher;
198;10:55:43;11:03:56;8.4;fertig ins Bild;;unter 12 Grad gezogen;;;;1328;11:03:56;256;10:57:02;476;9347;256;10:55:43;4.1;-4.1;-0.0;sicher;
199;10:56:21;11:09:22;13.2;ueber den Horizont;;verschmolzen;;;;827;11:00:18;132;10:59:26;265;6403;158;11:09:22;2.6;0.3;2.6;unsicher;
200;10:56:34;11:00:30;4.1;gesehen;;aufgeloest;;;;247;10:59:13;69;10:57:02;;1099;200;10:56:34;0.8;-0.6;-0.5;sicher;
201;10:57:29;11:01:47;4.5;gesehen;;aufgeloest;;;;344;11:00:05;113;10:58:07;180;8342;98;11:01:47;0.7;0.6;-0.3;sicher;
202;10:57:29;11:03:42;6.4;gesehen;;aufgeloest;;;;330;11:02:00;71;10:57:41;233;5267;223;10:57:29;1.0;-0.2;1.0;sicher;
203;10:57:41;11:11:21;13.9;gesehen;;aufgeloest;;;;2676;11:08:17;87;10:57:55;208;196;293;11:06:46;2.7;0.7;2.6;unsicher;
204;10:58:07;11:13:19;15.4;gesehen;;aufgeloest;;;236;824;11:06:59;-37;11:06:59;587;4145;184;11:05:01;2.2;-1.4;1.7;unsicher;
205;10:58:22;11:12:52;14.7;gesehen;;verschmolzen;;;;647;11:02:00;58;10:59:52;324;11718;179;11:05:27;2.1;0.5;2.1;sicher;
206;10:58:35;11:01:34;3.2;gesehen;;aufgeloest;;;;282;10:59:52;72;10:58:48;177;7318;245;10:58:35;3.2;1.9;-2.6;sicher;
207;10:58:35;11:04:09;5.8;gesehen;;unter 12 Grad gezogen;;;;509;11:03:56;153;11:00:43;184;9464;290;10:58:35;2.2;-1.7;1.4;sicher;
208;10:58:48;11:01:47;3.2;abgespalten;179;aufgeloest;;;;481;10:59:13;-20;10:59:01;215;11239;184;10:59:01;1.8;1.7;0.6;sicher;
209;10:59:01;11:02:38;3.8;gesehen;;unter 12 Grad gezogen;;;;355;11:01:22;16;11:00:43;205;9970;238;10:59:01;2.9;1.6;2.4;unsicher;
210;10:59:01;11:06:20;7.5;abgespalten;190;verschmolzen;229;;;868;10:59:01;221;11:03:16;346;3505;294;10:59:01;1.2;0.8;0.8;sicher;
211;10:59:13;11:02:51;3.8;gesehen;;aufgeloest;;;;165;11:02:13;64;10:59:26;;3069;206;11:00:30;7.3;-0.5;7.2;sicher;
212;10:59:26;11:02:25;3.2;gesehen;;aufgeloest;;;;301;11:01:09;134;10:59:39;232;8054;168;11:02:00;3.7;3.6;0.9;sicher;
213;10:59:26;11:03:42;4.5;gesehen;;unter 12 Grad gezogen;;;;551;11:03:29;160;10:59:39;301;9773;280;10:59:26;1.3;-0.5;-1.2;sicher;
214;11:00:05;11:05:01;5.2;gesehen;;aufgeloest;;;;260;11:03:16;82;11:00:30;152;11331;184;11:00:30;0.7;-0.7;0.1;sicher;
215;11:00:18;11:03:29;3.4;gesehen;;aufgeloest;;;;178;11:02:25;44;11:00:56;154;2473;233;11:00:18;1.6;1.2;1.0;sicher;
216;11:00:30;11:11:21;11.1;ueber den Horizont;;aufgeloest;;;;2015;11:02:13;39;11:00:43;529;6869;60;11:11:21;2.9;-0.2;2.9;unsicher;
217;11:00:30;11:10:42;10.4;gesehen;;aufgeloest;;;;1517;11:10:14;160;11:01:34;503;900;17;11:10:14;3.1;0.8;3.0;sicher;
218;11:00:30;11:06:46;6.5;gesehen;;aufgeloest;;;;242;11:05:54;90;11:00:43;164;11200;187;11:00:43;0.9;-0.2;0.8;sicher;
219;11:00:30;11:03:29;3.2;gesehen;;aufgeloest;;;;133;11:02:00;32;11:01:09;113;2568;223;11:00:30;1.4;1.0;0.9;sicher;
220;11:00:43;11:03:42;3.2;gesehen;;aufgeloest;;;;217;11:02:13;71;11:00:56;215;5859;38;11:03:42;2.4;-1.2;-2.1;sicher;
221;11:00:56;11:04:48;4.1;gesehen;;aufgeloest;;;;198;11:03:03;50;11:01:09;130;9092;18;11:04:48;3.4;2.7;-2.1;sicher;
222;11:00:56;11:21:45;21.0;gesehen;;verschmolzen;242;;224;3195;11:05:42;193;11:21:31;1926;3960;4;11:03:16;3.6;-2.3;2.7;unsicher;
223;11:01:34;11:04:35;3.2;gesehen;;aufgeloest;;;;169;11:03:16;43;11:01:47;146;4491;219;11:01:34;5.9;1.2;5.8;sicher;
224;11:01:47;11:04:48;3.2;abgespalten;222;aufgeloest;;;;1956;11:01:47;-28;11:03:56;;1009;60;11:03:29;10.7;-8.3;6.8;sicher;
225;11:02:38;11:06:07;3.7;gesehen;;aufgeloest;;;;195;11:05:01;16;11:02:51;149;6065;134;11:06:07;3.2;2.3;2.2;unsicher;
226;11:02:51;11:06:20;3.7;gesehen;;aufgeloest;;;;281;11:04:48;63;11:03:03;208;8587;298;11:02:51;1.6;1.5;-0.7;sicher;
227;11:03:16;11:08:17;5.2;abgespalten;;aufgeloest;;;;1751;11:03:16;-47;11:03:29;1469;10878;5;11:03:56;9.1;0.0;9.1;sicher;
228;11:03:16;11:10:14;7.2;gesehen;;aufgeloest;;;;812;11:06:46;37;11:03:42;810;2563;186;11:03:42;2.4;-0.3;2.4;sicher;
229;11:03:56;11:10:27;6.7;gesehen;;unter 12 Grad gezogen;;210 230;;1623;11:10:27;294;11:07:51;696;9107;276;11:03:56;1.5;-0.7;1.3;sicher;
230;11:03:56;11:07:25;3.7;gesehen;;verschmolzen;229;;;233;11:04:35;85;11:04:09;105;11682;277;11:03:56;4.3;-1.1;4.1;unsicher;
231;11:04:09;11:21:45;17.8;ueber den Horizont;;aufgeloest;;;;1501;11:05:42;56;11:04:22;664;7654;182;11:19:31;2.8;0.8;2.7;sicher;
232;11:04:22;11:09:22;5.2;ueber den Horizont;;verschmolzen;;;;1228;11:09:22;160;11:05:42;846;11785;17;11:09:22;1.8;-1.5;1.0;sicher;
233;11:04:35;11:08:43;4.4;gesehen;;aufgeloest;;;;520;11:05:27;-38;11:05:14;;2149;158;11:06:33;2.6;-0.9;-2.4;sicher;
234;11:05:42;11:08:43;3.2;ueber den Horizont;;aufgeloest;;;;607;11:05:54;-123;11:06:20;265;10773;74;11:08:43;2.9;2.6;-1.3;sicher;
235;11:06:07;11:18:37;12.7;gesehen;;verschmolzen;274;;;1124;11:16:38;233;11:09:09;798;7065;3;11:17:32;3.0;-2.3;1.8;unsicher;
236;11:06:59;11:15:46;9.0;abgespalten;204;verschmolzen;146;;;703;11:06:59;65;11:14:26;441;4571;203;11:06:59;1.7;-1.5;0.9;sicher;
237;11:07:25;11:10:42;3.5;gesehen;;aufgeloest;;;;136;11:08:43;31;11:07:38;119;3188;199;11:07:25;2.0;0.8;1.8;sicher;
238;11:07:38;11:15:07;7.7;gesehen;;aufgeloest;;;;453;11:10:55;144;11:07:51;306;8833;351;11:13:34;3.6;2.0;3.0;sicher;
239;11:08:17;11:15:20;7.3;gesehen;;aufgeloest;;;;450;11:11:08;100;11:10:27;282;7680;276;11:08:17;0.4;0.2;-0.3;sicher;
240;11:08:30;11:15:33;7.3;abgespalten;182;aufgeloest;;182;;782;11:14:39;121;11:12:39;451;7578;197;11:13:06;6.2;-2.7;5.5;unsicher;
241;11:08:56;11:12:13;3.5;gesehen;;aufgeloest;;;;220;11:11:08;100;11:09:09;138;8607;210;11:08:56;1.2;1.0;0.7;sicher;
242;11:08:56;11:28:17;19.6;gesehen;;aufgeloest;;222;;1446;11:16:38;209;11:12:39;820;8778;311;11:11:47;4.0;-3.9;0.8;unsicher;
243;11:09:09;11:12:13;3.3;gesehen;;aufgeloest;;;;238;11:11:08;44;11:10:14;146;7785;2;11:12:13;2.5;1.6;-2.0;sicher;
244;11:09:09;11:12:13;3.3;gesehen;;aufgeloest;;;;154;11:10:55;62;11:09:22;156;4438;161;11:12:00;1.1;-0.1;1.1;sicher;
245;11:09:09;11:12:52;3.9;gesehen;;aufgeloest;;;;237;11:10:55;63;11:09:22;140;7284;200;11:11:47;4.6;0.3;4.6;sicher;
246;11:09:22;11:13:06;4.0;gesehen;;aufgeloest;;;;244;11:11:08;33;11:09:35;;368;176;11:13:06;1.8;-1.6;-0.9;sicher;
247;11:10:01;11:13:06;3.3;gesehen;;aufgeloest;;;;138;11:11:34;44;11:10:14;130;4328;185;11:10:01;4.6;4.5;1.2;sicher;
248;11:10:14;11:27:51;17.8;gesehen;;aufgeloest;;;;1472;11:17:19;443;11:10:42;549;594;22;11:15:20;2.9;-2.4;1.5;sicher;
249;11:10:27;11:14:52;4.6;gesehen;;aufgeloest;;;;213;11:12:00;15;11:11:34;80;2723;196;11:10:27;1.7;0.9;1.5;sicher;
250;11:10:42;11:24:21;13.9;gesehen;;aufgeloest;;;;2467;11:11:34;308;11:16:25;2012;1004;208;11:10:42;1.9;-1.9;0.4;sicher;
251;11:10:55;11:14:26;3.7;gesehen;;aufgeloest;;;;270;11:12:00;129;11:11:08;;714;353;11:13:47;1.5;0.4;1.5;sicher;
252;11:10:55;11:14:00;3.3;gesehen;;aufgeloest;;;;189;11:12:52;93;11:11:08;190;3402;96;11:14:00;2.4;2.4;-0.2;sicher;
253;11:11:08;11:17:06;6.2;abgespalten;;aufgeloest;;;;690;11:11:08;-9;11:13:06;530;5270;348;11:14:13;3.5;-3.4;-0.4;sicher;
254;11:11:08;11:15:07;4.2;gesehen;;aufgeloest;;;;190;11:13:34;68;11:11:21;141;10367;10;11:15:07;0.9;-0.9;-0.1;sicher;
255;11:11:08;11:15:20;4.4;gesehen;;aufgeloest;;;;800;11:14:13;101;11:11:21;817;4315;9;11:15:20;1.0;0.5;-0.9;unsicher;
256;11:11:21;11:29:37;18.5;ueber den Horizont;;aufgeloest;;271;304;2421;11:24:47;316;11:17:32;1141;9268;344;11:27:51;0.7;-0.5;0.5;sicher;
257;11:11:34;11:17:19;6.0;gesehen;;aufgeloest;;;;777;11:14:39;192;11:13:06;976;5095;355;11:14:52;0.9;0.4;0.7;sicher;
258;11:11:34;11:14:52;3.5;gesehen;;aufgeloest;;;;462;11:13:47;122;11:12:26;350;10766;13;11:14:52;2.6;2.4;-0.9;sicher;
259;11:11:34;11:19:18;8.0;gesehen;;aufgeloest;;;274;1183;11:15:20;8;11:13:06;629;4548;354;11:16:38;3.4;3.4;-0.5;unsicher;
260;11:11:34;11:24:59;13.6;abgespalten;;verschmolzen;287;;;1694;11:21:45;190;11:14:00;1190;57;109;11:23:03;2.9;-1.7;2.3;unsicher;
261;11:11:47;11:22:37;11.0;abgespalten;;aufgeloest;;;;1586;11:15:33;89;11:12:00;1037;10361;353;11:18:11;0.9;-0.5;0.8;sicher;
262;11:12:00;11:26:58;15.2;gesehen;;verschmolzen;;;300;1059;11:17:58;126;11:14:52;993;5516;187;11:19:44;2.3;-0.2;2.3;sicher;
263;11:12:00;11:18:24;6.6;gesehen;;aufgeloest;;;;872;11:17:19;117;11:14:26;;2608;190;11:14:13;2.6;-0.9;2.4;unsicher;
264;11:12:13;11:21:45;9.8;abgespalten;;unter 12 Grad gezogen;;229;;2348;11:21:45;214;11:15:59;413;6220;292;11:12:13;2.1;1.7;1.2;unsicher;
265;11:12:39;11:16:38;4.2;gesehen;;aufgeloest;;;;186;11:14:39;-47;11:16:25;137;3133;223;11:12:39;1.3;0.6;1.1;unsicher;
266;11:13:06;11:18:50;6.0;abgespalten;146;unter 12 Grad gezogen;;;;1089;11:13:06;107;11:15:59;519;9825;245;11:13:06;6.0;-1.3;5.8;sicher;
267;11:13:34;11:38:22;25.0;gesehen;;verschmolzen;;277;;3127;11:24:47;351;11:20:10;2054;3735;347;11:25:25;1.5;-1.3;0.7;unsicher;
268;11:13:34;11:18:37;5.3;gesehen;;aufgeloest;;;;385;11:15:20;144;11:14:00;251;5811;155;11:18:37;0.2;0.2;-0.0;sicher;
269;11:13:34;11:16:53;3.5;gesehen;;aufgeloest;;;;246;11:15:20;72;11:13:47;272;2769;167;11:16:53;3.9;1.3;3.7;sicher;
270;11:13:34;11:16:53;3.5;gesehen;;verschmolzen;;;;570;11:16:53;151;11:15:46;258;10772;279;11:13:34;3.7;-3.7;-0.1;sicher;
271;11:13:47;11:19:05;5.5;gesehen;;verschmolzen;256;;;722;11:19:05;218;11:14:26;491;11293;360;11:19:05;0.2;0.2;0.0;sicher;
272;11:14:00;11:20:10;6.4;gesehen;;aufgeloest;;;;450;11:16:25;155;11:15:07;245;9284;350;11:14:52;2.1;2.0;0.4;sicher;
273;11:15:07;11:19:44;4.8;ueber den Horizont;;verschmolzen;292;;;574;11:19:05;23;11:15:20;400;11907;163;11:19:44;1.7;-1.4;0.9;unsicher;
274;11:15:46;11:28:04;12.5;abgespalten;259;aufgeloest;;235;;2144;11:19:57;35;11:18:37;1036;5314;354;11:19:31;2.5;0.1;-2.5;sicher;
275;11:16:25;11:19:44;3.5;gesehen;;verschmolzen;292;;;422;11:18:11;163;11:17:06;224;11176;163;11:19:44;1.8;0.8;1.6;unsicher;
276;11:16:53;11:20:23;3.7;gesehen;;verschmolzen;281;;;402;11:19:31;92;11:18:37;;3064;190;11:19:31;3.8;1.3;3.5;sicher;
277;11:17:06;11:20:38;3.8;gesehen;;verschmolzen;267;;;435;11:20:10;186;11:17:19;450;4121;40;11:20:38;3.3;1.9;-2.7;sicher;
278;11:17:45;11:21:45;4.2;ueber den Horizont;;aufgeloest;;;;485;11:18:11;-2;11:18:37;316;10488;124;11:21:45;2.1;2.0;0.6;sicher;
279;11:17:45;11:21:04;3.5;gesehen;;aufgeloest;;;;138;11:18:37;7;11:17:58;81;2933;268;11:17:45;0.8;-0.7;-0.4;sicher;
280;11:17:58;11:21:17;3.5;gesehen;;aufgeloest;;;;259;11:19:31;108;11:18:11;;407;159;11:20:10;0.7;0.5;-0.4;sicher;
281;11:18:11;11:37:03;19.1;gesehen;;unter 12 Grad gezogen;;276 303;;2764;11:32:42;500;11:18:37;1992;3281;186;11:20:38;1.0;-0.6;0.8;unsicher;
282;11:18:37;11:22:24;4.0;gesehen;;aufgeloest;;;;163;11:20:38;58;11:19:18;95;8824;169;11:21:04;2.8;2.7;0.7;sicher;
283;11:18:50;11:22:37;4.0;gesehen;;verschmolzen;292;;;761;11:22:37;185;11:19:18;339;11291;189;11:22:37;3.5;1.8;3.0;unsicher;
284;11:20:23;11:23:55;3.8;abgespalten;;aufgeloest;;;;1461;11:20:51;-35;11:20:38;172;10395;146;11:22:37;6.9;-6.3;2.8;sicher;
285;11:21:04;11:44:30;23.6;gesehen;;verschmolzen;328;312 316 336;;3131;11:40:45;558;11:37:43;2463;3069;345;11:31:49;3.1;-3.1;-0.3;sicher;
286;11:21:17;11:26:06;5.0;gesehen;;aufgeloest;;;;369;11:24:21;86;11:21:31;269;8089;133;11:26:06;3.3;3.3;0.2;sicher;
287;11:21:31;11:32:42;11.4;gesehen;;aufgeloest;;260;322;1689;11:25:12;246;11:24:21;;208;350;11:21:31;5.3;-5.2;0.6;unsicher;
288;11:21:45;11:31:49;10.3;gesehen;;aufgeloest;;;;659;11:24:59;110;11:22:50;434;6784;358;11:31:49;2.2;1.2;1.8;sicher;
289;11:21:58;11:32:16;10.5;ueber den Horizont;;verschmolzen;321;;;1346;11:22:11;70;11:32:02;498;7367;41;11:32:16;1.3;-0.6;1.2;sicher;
290;11:23:16;11:38:09;15.1;gesehen;;aufgeloest;;;330;1399;11:28:30;328;11:25:40;698;4770;162;11:35:18;0.5;-0.4;-0.3;sicher;
291;11:23:16;11:26:45;3.7;gesehen;;aufgeloest;;;;400;11:24:34;161;11:23:29;217;8160;131;11:26:45;3.1;2.1;2.2;unsicher;
292;11:23:29;11:36:11;12.9;ueber den Horizont;;verschmolzen;;;;2131;11:27:51;242;11:27:11;1432;10395;211;11:32:16;4.8;-3.4;3.3;unsicher;
293;11:23:29;11:27:11;3.9;gesehen;;aufgeloest;;;;247;11:25:53;77;11:23:42;205;5760;297;11:23:29;0.7;-0.4;-0.6;sicher;
294;11:23:55;11:31:49;8.1;abgespalten;;verschmolzen;301;;;1316;11:31:49;114;11:24:21;745;10054;175;11:31:49;2.2;0.0;2.2;sicher;
295;11:23:55;11:27:51;4.1;gesehen;;aufgeloest;;;;147;11:24:59;30;11:24:08;145;3798;230;11:23:55;2.4;-0.7;2.3;sicher;
296;11:24:34;11:27:38;3.3;gesehen;;aufgeloest;;;;223;11:26:45;66;11:24:47;178;8570;75;11:27:38;2.6;2.4;0.9;sicher;
297;11:25:40;11:31:21;5.9;gesehen;;aufgeloest;;;;343;11:29:09;61;11:25:53;203;6007;187;11:30:42;3.7;1.3;3.4;sicher;
298;11:25:53;11:30:03;4.4;gesehen;;aufgeloest;;;;251;11:27:11;100;11:26:06;;875;340;11:29:09;1.5;0.5;-1.4;sicher;
299;11:25:53;11:28:56;3.3;gesehen;;aufgeloest;;;;148;11:26:58;18;11:26:06;95;12417;353;11:26:19;1.9;-0.4;1.9;sicher;
300;11:26:19;11:30:42;4.6;abgespalten;262;verschmolzen;;;;442;11:29:37;5;11:28:04;406;4804;231;11:26:19;3.9;-2.8;2.8;sicher;
301;11:26:45;11:37:16;10.7;gesehen;;unter 12 Grad gezogen;;294;;2416;11:34:26;357;11:28:30;862;7158;178;11:30:42;1.3;-1.3;-0.4;unsicher;
302;11:26:45;11:36:37;10.1;gesehen;;aufgeloest;;306;;1125;11:30:55;112;11:30:42;1041;2359;294;11:26:45;1.2;1.2;-0.2;sicher;
303;11:26:58;11:30:16;3.5;gesehen;;verschmolzen;281;;;530;11:30:16;175;11:27:11;378;7789;200;11:26:58;3.1;1.5;2.8;sicher;
304;11:26:58;11:30:29;3.7;abgespalten;256;aufgeloest;;;;790;11:26:58;-159;11:27:11;522;8152;345;11:30:16;0.8;-0.0;-0.8;sicher;
305;11:27:24;11:30:29;3.3;gesehen;;in der Sonne verloren;;;;235;11:29:22;122;11:28:30;;433;28;11:30:29;2.5;2.4;-0.6;sicher;
306;11:27:24;11:30:42;3.5;gesehen;;verschmolzen;302;;;442;11:30:42;57;11:29:22;406;5265;290;11:27:24;1.3;-1.1;0.7;unsicher;
307;11:27:38;11:40:06;12.7;gesehen;;aufgeloest;;;;503;11:32:02;238;11:29:22;484;1804;205;11:27:38;2.2;0.6;2.1;sicher;
308;11:28:04;11:31:36;3.8;gesehen;;aufgeloest;;;;227;11:29:22;74;11:28:17;156;6900;4;11:31:36;2.7;2.7;-0.5;sicher;
309;11:28:04;11:32:42;4.9;ueber den Horizont;;aufgeloest;;;;524;11:28:17;-10;11:28:43;430;9920;33;11:32:42;1.2;-1.0;0.6;sicher;
310;11:28:04;11:36:11;8.3;gesehen;;aufgeloest;;;;1053;11:32:42;185;11:29:50;200;1006;11;11:33:47;1.0;0.4;0.9;sicher;
311;11:28:04;11:33:47;5.9;abgespalten;;aufgeloest;;;;1531;11:28:04;-89;11:33:34;1300;5270;96;11:33:47;3.3;-2.3;2.4;sicher;
312;11:28:30;11:31:36;3.3;gesehen;;verschmolzen;285;;;427;11:31:36;156;11:29:50;;1760;348;11:31:36;2.3;1.8;1.5;sicher;
313;11:28:30;11:37:29;9.2;gesehen;;aufgeloest;;;;719;11:33:21;175;11:29:09;592;3525;197;11:34:00;2.9;0.6;2.9;sicher;
314;11:28:43;11:34:13;5.7;abgespalten;;in der Sonne verloren;;;;564;11:28:43;-10;11:31:49;862;155;127;11:34:13;1.9;1.9;-0.3;sicher;
315;11:29:22;11:33:08;4.0;ueber den Horizont;;aufgeloest;;;326;730;11:30:29;42;11:29:37;314;10098;24;11:33:08;2.6;2.6;0.7;sicher;
316;11:29:22;11:34:39;5.5;gesehen;;verschmolzen;285;;;575;11:34:39;152;11:33:08;;2013;350;11:33:21;1.5;1.4;0.4;sicher;
317;11:29:37;11:37:29;8.1;gesehen;;unter 12 Grad gezogen;;;347;547;11:34:26;32;11:31:49;384;7836;275;11:29:37;1.3;-0.4;-1.2;sicher;
318;11:29:50;11:36:11;6.6;gesehen;;verschmolzen;328;;;865;11:36:11;121;11:35:59;569;3788;72;11:36:11;2.0;0.5;1.9;sicher;
319;11:30:03;11:33:21;3.5;gesehen;;aufgeloest;;;;133;11:31:36;35;11:30:16;81;1286;64;11:33:21;2.6;2.4;1.1;sicher;
320;11:30:42;11:35:05;4.6;gesehen;;aufgeloest;;;;312;11:32:16;105;11:30:55;;915;348;11:32:16;2.5;2.5;0.0;sicher;
321;11:30:42;11:48:49;18.3;gesehen;;verschmolzen;328;289 325 350;368 369;2255;11:42:46;192;11:35:18;1855;5829;12;11:40:58;0.9;-0.4;0.8;unsicher;
322;11:30:42;11:40:32;10.0;abgespalten;287;aufgeloest;;;338;491;11:34:26;64;11:33:34;368;2867;282;11:30:42;1.5;-1.2;0.9;sicher;
323;11:30:55;11:41:38;10.9;gesehen;;aufgeloest;;;;447;11:36:11;21;11:35:46;322;1845;203;11:30:55;1.1;0.2;1.1;sicher;
324;11:30:55;11:38:47;8.1;gesehen;;verschmolzen;;;;700;11:37:43;170;11:32:55;614;4639;203;11:30:55;3.4;-2.2;2.6;sicher;
325;11:31:08;11:36:24;5.5;gesehen;;verschmolzen;321;;;1061;11:36:24;162;11:35:59;499;7990;37;11:36:24;1.0;-1.0;0.3;sicher;
326;11:31:21;11:34:52;3.7;abgespalten;315;aufgeloest;;;;388;11:31:49;-17;11:31:36;282;9808;24;11:34:52;0.9;0.8;-0.4;sicher;
327;11:31:21;11:34:26;3.3;gesehen;;aufgeloest;;;;133;11:31:49;-21;11:33:21;;676;116;11:34:26;3.5;3.4;0.6;unsicher;
328;11:31:21;11:52:34;21.4;gesehen;;Ende der Aufnahme;;318 285 360 321;;3127;11:44:43;525;11:36:24;;324;9;11:38:34;4.1;-3.0;2.8;unsicher;
329;11:31:21;11:37:16;6.1;abgespalten;;aufgeloest;;;;1835;11:35:59;118;11:32:42;1236;5402;129;11:37:16;3.5;-2.5;2.5;unsicher;
330;11:31:21;11:38:09;7.0;abgespalten;290;aufgeloest;;;;384;11:34:26;46;11:33:21;554;2528;179;11:34:52;3.0;2.4;1.8;sicher;
331;11:31:36;11:37:16;5.9;gesehen;;aufgeloest;;;;391;11:35:46;72;11:32:42;261;9966;168;11:35:18;1.8;1.3;1.2;sicher;
332;11:31:49;11:35:46;4.2;gesehen;;aufgeloest;;;;224;11:33:34;117;11:32:16;;509;350;11:32:02;2.1;2.1;-0.5;sicher;
333;11:31:49;11:35:18;3.7;fertig ins Bild;;aufgeloest;;;;454;11:31:49;-50;11:32:02;293;6118;80;11:35:18;0.9;-0.0;0.9;sicher;
334;11:31:49;11:40:19;8.7;gesehen;;aufgeloest;;;;300;11:35:59;90;11:33:21;230;618;250;11:31:49;0.7;0.7;0.0;sicher;
335;11:32:02;11:36:24;4.6;ueber den Horizont;;aufgeloest;;;;551;11:33:08;9;11:32:16;243;11039;356;11:36:11;2.3;-0.9;-2.1;sicher;
336;11:32:02;11:36:11;4.4;gesehen;;verschmolzen;285;;;438;11:36:11;154;11:33:21;;883;341;11:32:55;0.5;-0.2;0.5;sicher;
337;11:32:16;11:39:39;7.6;gesehen;;aufgeloest;;;;1292;11:38:22;286;11:35:59;;1340;16;11:35:31;2.3;-0.6;2.3;sicher;
338;11:32:16;11:35:31;3.5;abgespalten;322;aufgeloest;;;;190;11:32:16;-3;11:33:34;169;3093;269;11:32:16;0.8;0.7;0.3;sicher;
339;11:32:29;11:36:37;4.4;gesehen;;aufgeloest;;;;328;11:35:46;100;11:33:34;266;6698;156;11:36:37;1.8;0.2;1.8;sicher;
340;11:32:29;11:35:31;3.2;gesehen;;verschmolzen;;;;273;11:35:31;23;11:33:47;204;9841;200;11:32:55;3.6;-1.3;3.3;sicher;
341;11:32:55;11:36:24;3.7;gesehen;;aufgeloest;;;;146;11:35:31;45;11:33:08;91;1615;331;11:32:55;3.6;3.4;-1.3;unsicher;
342;11:33:34;11:37:43;4.4;gesehen;;aufgeloest;;;;258;11:36:11;58;11:33:47;137;7437;170;11:36:11;4.8;2.7;4.0;unsicher;
343;11:34:13;11:39:13;5.2;gesehen;;aufgeloest;;;;386;11:36:37;115;11:34:26;272;7995;3;11:36:24;2.6;1.5;2.2;sicher;
344;11:34:13;11:37:29;3.5;gesehen;;aufgeloest;;;;147;11:35:18;36;11:34:26;152;3318;53;11:37:29;2.4;1.9;1.4;sicher;
345;11:34:26;11:38:09;3.9;gesehen;;aufgeloest;;;;254;11:36:51;82;11:35:59;;2869;2;11:36:11;2.0;0.4;1.9;sicher;
346;11:34:26;11:44:30;10.3;gesehen;;aufgeloest;;;363;756;11:39:26;150;11:35:59;345;8337;173;11:38:34;2.6;-0.7;2.5;sicher;
347;11:34:39;11:44:17;9.8;abgespalten;317;aufgeloest;;;;1298;11:39:26;99;11:37:03;254;10349;273;11:34:39;4.6;-4.4;1.4;unsicher;
348;11:34:52;11:39:00;4.4;ueber den Horizont;;verschmolzen;;;;2301;11:39:00;127;11:37:16;1629;9528;76;11:39:00;0.5;0.2;-0.4;sicher;
349;11:34:52;11:39:00;4.4;gesehen;;aufgeloest;;;;206;11:37:29;1;11:36:51;135;6056;212;11:34:52;2.0;1.4;1.5;unsicher;
350;11:35:05;11:40:06;5.2;ueber den Horizont;;verschmolzen;321;;;1585;11:39:00;140;11:37:56;1063;10879;30;11:40:06;2.3;0.8;2.2;unsicher;
351;11:35:05;11:39:13;4.4;gesehen;;aufgeloest;;;;241;11:37:03;77;11:35:31;149;9235;172;11:36:51;2.9;1.2;2.6;sicher;
352;11:35:18;11:39:26;4.4;gesehen;;aufgeloest;;;;257;11:37:29;99;11:35:31;280;2462;249;11:35:18;0.5;0.4;-0.3;sicher;
353;11:35:31;11:39:26;4.1;gesehen;;aufgeloest;;;;220;11:36:51;133;11:35:59;216;5568;349;11:36:51;2.8;-1.9;-2.0;sicher;
354;11:35:59;11:39:39;3.9;gesehen;;aufgeloest;;;;232;11:37:29;50;11:36:24;214;5867;335;11:36:11;0.6;0.5;-0.1;sicher;
355;11:36:11;11:39:39;3.7;gesehen;;aufgeloest;;;;137;11:37:03;22;11:36:24;65;2281;250;11:36:11;2.2;1.8;1.3;sicher;
356;11:36:51;11:41:54;5.3;gesehen;;aufgeloest;;;;185;11:39:39;61;11:37:03;232;3961;212;11:36:51;3.6;-1.0;3.4;sicher;
357;11:37:56;11:48:23;10.7;gesehen;;aufgeloest;;;;851;11:43:11;304;11:40:06;948;2612;218;11:37:56;3.9;3.2;2.2;unsicher;
358;11:39:00;11:46:12;7.4;gesehen;;verschmolzen;;;;1091;11:46:12;238;11:39:39;557;9839;174;11:39:52;3.0;-0.8;2.9;sicher;
359;11:39:52;11:46:25;6.8;gesehen;;verschmolzen;;;;1105;11:46:25;195;11:42:20;867;7160;184;11:44:04;4.2;-1.7;3.8;sicher;
360;11:39:52;11:46:38;7.0;gesehen;;verschmolzen;328;;;1134;11:46:38;231;11:40:06;611;7993;265;11:39:52;2.3;-2.2;0.7;sicher;
361;11:40:32;11:44:55;4.6;gesehen;;aufgeloest;;;;96;11:43:39;47;11:40:45;;1040;185;11:40:32;2.5;1.3;-2.1;sicher;
362;11:40:45;11:44:04;3.5;gesehen;;verschmolzen;;;;1003;11:44:04;;;1022;4654;204;11:40:45;2.1;-1.7;1.2;unsicher;
363;11:41:38;11:44:43;3.3;abgespalten;346;aufgeloest;;;;350;11:41:38;-52;11:44:30;161;8488;189;11:41:38;3.7;3.0;2.2;sicher;
364;11:41:54;11:52:34;10.9;abgespalten;;Ende der Aufnahme;;;376;2122;11:42:20;60;11:50:21;2406;2103;191;11:47:44;3.5;-0.8;3.4;unsicher;
365;11:42:07;11:45:08;3.2;abgespalten;;aufgeloest;;;374;1865;11:42:07;-146;11:42:32;1183;6384;87;11:44:55;8.6;2.9;-8.1;sicher;
366;11:42:20;11:46:38;4.5;abgespalten;;aufgeloest;;;377;1152;11:42:46;-22;11:42:46;340;8925;49;11:46:38;8.4;8.3;-1.0;unsicher;
367;11:42:20;11:48:36;6.5;gesehen;;aufgeloest;;;;150;11:44:55;45;11:42:32;97;1639;216;11:42:20;1.3;1.3;-0.0;sicher;
368;11:42:32;11:52:34;10.2;abgespalten;321;Ende der Aufnahme;;;;1993;11:48:23;63;11:47:29;2066;5821;10;11:43:26;3.5;-2.1;2.8;sicher;
369;11:42:46;11:52:34;10.0;abgespalten;321;Ende der Aufnahme;;;;2537;11:51:53;193;11:50:47;1657;8068;4;11:51:13;1.4;-1.3;0.6;sicher;
370;11:42:46;11:52:34;10.0;abgespalten;;Ende der Aufnahme;;;;1462;11:51:26;403;11:44:04;896;2478;340;11:49:41;0.5;-0.1;0.5;sicher;
371;11:42:58;11:49:15;6.5;ueber den Horizont;;unter 12 Grad gezogen;;;;423;11:44:04;19;11:43:26;419;11516;334;11:43:26;3.0;-3.0;0.3;unsicher;
372;11:43:26;11:47:29;4.3;gesehen;;aufgeloest;;;;345;11:45:21;171;11:43:39;310;1801;24;11:47:29;2.9;1.6;-2.4;sicher;
373;11:43:39;11:47:44;4.3;gesehen;;verschmolzen;376;;;536;11:47:44;124;11:47:16;383;5169;173;11:43:39;3.4;2.3;2.5;unsicher;
374;11:43:51;11:52:34;8.9;abgespalten;365;Ende der Aufnahme;;;;839;11:47:16;90;11:52:21;862;2787;31;11:52:34;1.2;1.2;0.1;sicher;
375;11:44:04;11:52:34;8.7;gesehen;;Ende der Aufnahme;;;;692;11:46:38;253;11:44:30;402;878;147;11:44:04;1.3;1.2;-0.2;sicher;
376;11:44:30;11:48:10;3.9;abgespalten;364;verschmolzen;;373;378;1275;11:48:10;88;11:47:57;1315;2455;181;11:44:30;8.4;-1.1;-8.4;sicher;
377;11:45:08;11:52:34;7.6;abgespalten;366;Ende der Aufnahme;;;;678;11:48:36;155;11:45:34;571;7860;34;11:52:34;3.3;3.3;-0.2;sicher;
378;11:45:08;11:49:02;4.1;abgespalten;376;aufgeloest;;;;718;11:45:08;-74;11:45:34;195;2057;207;11:45:08;3.3;3.2;0.9;sicher;
379;11:45:34;11:48:36;3.2;abgespalten;;aufgeloest;;;;637;11:45:34;-134;11:48:23;387;5102;128;11:48:36;2.0;1.5;1.3;sicher;
380;11:45:47;11:49:02;3.5;gesehen;;aufgeloest;;;;139;11:47:16;43;11:45:59;124;3780;247;11:45:47;0.7;0.6;0.4;sicher;
381;11:45:59;11:52:34;6.8;gesehen;;Ende der Aufnahme;;;;863;11:49:28;33;11:48:10;;1818;173;11:48:49;0.3;0.3;0.1;sicher;
382;11:45:59;11:49:02;3.3;gesehen;;aufgeloest;;;;170;11:46:51;31;11:46:12;113;8165;153;11:49:02;4.4;3.9;2.2;sicher;
383;11:46:12;11:49:15;3.3;gesehen;;aufgeloest;;;;107;11:46:25;20;11:48:10;76;6873;259;11:46:12;2.3;-1.8;1.5;unsicher;
384;11:46:25;11:50:34;4.4;gesehen;;aufgeloest;;;;396;11:49:02;124;11:47:16;337;8566;333;11:47:16;1.0;-0.1;-1.0;sicher;
385;11:46:38;11:52:34;6.2;abgespalten;;Ende der Aufnahme;;;;663;11:51:00;115;11:48:23;674;3959;116;11:52:34;2.3;-0.7;2.1;sicher;
386;11:46:38;11:51:00;4.6;gesehen;;aufgeloest;;;;380;11:49:41;-5;11:48:36;422;3622;174;11:49:28;2.4;0.6;2.3;sicher;
387;11:47:29;11:52:34;5.3;gesehen;;Ende der Aufnahme;;;;707;11:49:28;-8;11:50:08;310;1138;1;11:52:34;2.7;2.7;0.2;sicher;
388;11:48:10;11:52:34;4.6;gesehen;;Ende der Aufnahme;;;;524;11:48:23;0;11:50:34;364;7953;162;11:52:21;5.7;4.5;3.4;sicher;
389;11:48:23;11:51:26;3.3;gesehen;;aufgeloest;;;;273;11:49:28;42;11:48:36;292;4568;165;11:49:02;1.7;1.6;-0.5;sicher;
390;11:48:23;11:51:26;3.3;gesehen;;aufgeloest;;;;241;11:50:08;36;11:49:41;182;12519;345;11:48:36;2.8;2.5;1.3;sicher;
391;11:48:49;11:52:34;4.0;gesehen;;Ende der Aufnahme;;;;650;11:52:07;146;11:50:21;874;3310;166;11:49:55;0.8;-0.3;0.8;sicher;
392;11:49:15;11:52:34;3.5;gesehen;;Ende der Aufnahme;;;;286;11:52:07;51;11:50:34;159;8843;216;11:49:15;3.6;1.3;3.4;unsicher;
393;11:49:28;11:52:34;3.3;gesehen;;Ende der Aufnahme;;;;509;11:52:34;138;11:50:34;358;9195;291;11:49:28;0.5;-0.4;-0.4;sicher;
